{"current":{"heading_color":"#030303","text_color":"#677279","accent_color":"#fdc205","link_color":"#00badb","border_color":"#e1e3e4","background":"#eff3f4","secondary_background":"#ffffff","error_color":"#ff0000","success_color":"#00aa00","primary_button_background":"#fdc205","primary_button_text_color":"#030303","secondary_button_background":"#030303","secondary_button_text_color":"#fdc205","header_background":"#fdc205","header_text_color":"#ffffff","header_light_text_color":"#a3afef","header_accent_color":"#030303","product_on_sale_accent":"#ee0000","product_in_stock_color":"#008a00","product_low_stock_color":"#ee0000","product_sold_out_color":"#8a9297","product_label_1_background":"#008a00","product_label_2_background":"#00a500","product_star_color":"#fdc205","base_text_font_size":16,"heading_font":"helvetica_o7","text_font":"helvetica_o3","underline_links":true,"animation_image_zoom":false,"search_mode":"product,article,page","show_vendor":true,"show_secondary_image":true,"show_discount":true,"discount_mode":"saving","product_price_position":"after_title","product_image_size":"square","show_color_swatch":false,"show_inventory_quantity":false,"low_inventory_threshold":10,"show_reviews_badge":true,"cart_type":"page","cart_empty_button_link":"shopify:\/\/collections\/all","cart_show_free_shipping_threshold":false,"cart_free_shipping_threshold":"4500","share_image":"shopify:\/\/shop_images\/Llantiquick-Banner-Web-4.jpg","social_facebook":"https:\/\/www.facebook.com\/RadialLlantasmx","social_twitter":"","social_pinterest":"","social_instagram":"https:\/\/www.instagram.com\/radial_llantas\/","social_vimeo":"","social_tumblr":"","social_youtube":"","social_linkedin":"","social_snapchat":"","social_fancy":"","favicon":"shopify:\/\/shop_images\/NUEVO_LOGO_INSTITUCIONAL_chico-01.jpg","checkout_header_image":"shopify:\/\/shop_images\/RADIAL-Grafico-para-sitio-1000x400px.jpg","checkout_logo_image":"shopify:\/\/shop_images\/Blank-01.png","checkout_logo_position":"center","checkout_logo_size":"medium","checkout_body_background_image":"","checkout_body_background_color":"#ffffff","checkout_input_background_color_mode":"white","checkout_sidebar_background_image":"","checkout_sidebar_background_color":"#fafafa","checkout_heading_font":"Helvetica Neue","checkout_body_font":"Helvetica Neue","checkout_accent_color":"#677279","checkout_button_color":"#1e2d7d","checkout_error_color":"#ff0000","social_google_plus":"","sections":{"header":{"type":"header","settings":{"enable_sticky_header":true,"logo":"shopify:\/\/shop_images\/NUEVO_LOGO_INSTITUCIONAL.png","logo_max_width":175,"mobile_logo_max_width":125,"show_locale_selector":false,"show_currency_selector":false,"navigation_menu":"menu-principal","desktop_navigation_layout":"inline","desktop_navigation_open_trigger":"hover","show_navigation_social_media":true,"navigation_phone_number":"Llámanos: 33 3268 3089","navigation_email":"contacto@radial.com.mx","show_condensed_search":true,"show_search_filter":true,"search_menu":"","show_search_menu_title":true}},"footer":{"type":"footer","blocks":{"1592353233581":{"type":"links","settings":{"menu":"menu"}},"e538639b-c136-4a8e-a21c-c5462995f187":{"type":"text","settings":{"title":"Contacto","content":"<p>Llámanos al +52 (33) 1409 1479<br\/>Escíbenos a ventasenlinea@radial.com.mx<\/p>"}},"footer-2":{"type":"newsletter","settings":{"title":"Lista de correos","subheading":"<p>Suscríbete a nuestra lista de correos para recibir promociones y sorpresas.<\/p>"}},"footer-0":{"type":"text","settings":{"title":"Acerca de Radial Llantas","content":"<p>¡Somos los expertos en llantas! Con más de 49 años en el mercado, en Radial Llantas nuestra misión es satisfacer al cliente por medio de una experiencia de compra agradable que sobrepase sus expectativas. Traduciéndose esto en confianza y tranquilidad.<\/p>"}},"footer-1":{"type":"links","settings":{"menu":"main-menu"}}},"block_order":["1592353233581","e538639b-c136-4a8e-a21c-c5462995f187","footer-2","footer-0","footer-1"],"settings":{"show_social_media":true,"show_payment_icons":true,"show_locale_selector":false,"show_currency_selector":false,"show_cookie_bar":true,"text":"<p>Utilizamos cookies para mejorar tu experiencia en el sitio.<\/p>","accept_button":"Aceptar"}},"slideshow":{"type":"slideshow","blocks":{"327c3a64-55e8-47c0-92c9-54db846b9f4b":{"type":"image","settings":{"image":"shopify:\/\/shop_images\/Multi_BS-Desktop-02.png","mobile_image":"shopify:\/\/shop_images\/Multi_BS-mobile-02.png","show_overlay":false,"overlay_opacity":30,"text_color":"#ffffff","title":"","content":"","content_position":"middle_center","button_background":"#ffffff","button_text_color":"#000000","button_text":"Button"}},"cdd63a8d-4ee2-4b97-b3da-60b31245c262":{"type":"image","settings":{"image":"shopify:\/\/shop_images\/multi_FS-desktop.png","mobile_image":"shopify:\/\/shop_images\/multi_FS-mobil.png","show_overlay":false,"overlay_opacity":30,"text_color":"#ffffff","title":"","content":"","content_position":"middle_center","button_background":"#ffffff","button_text_color":"#000000","button_text":"Button"}},"d03b91e2-986b-4a09-9c46-3bd301cdd954":{"type":"image","settings":{"image":"shopify:\/\/shop_images\/Radial-Banner-Maxtudinero-1800x600.jpg","mobile_image":"shopify:\/\/shop_images\/Radial-Banner-Maxtudinero-750x1100.jpg","show_overlay":false,"overlay_opacity":30,"text_color":"#ffffff","title":"","content":"","content_position":"middle_center","button_background":"#ffffff","button_text_color":"#000000","button_text":"Button"}},"991feb82-3df3-4c05-855f-613248e132be":{"type":"image","settings":{"image":"shopify:\/\/shop_images\/Radial-Mapa-1800x600px.jpg","mobile_image":"shopify:\/\/shop_images\/Radial-Mapa-750x1100px.jpg","show_overlay":false,"overlay_opacity":30,"text_color":"#ffffff","title":"","content":"","content_position":"middle_center","button_background":"#ffffff","button_text_color":"#000000","button_text":"Button"}},"731d13f6-44ed-4f64-940c-bbec581deadd":{"type":"image","settings":{"image":"shopify:\/\/shop_images\/Radial-Envio-1800x600px.jpg","mobile_image":"shopify:\/\/shop_images\/Radial-Envio-750x1100px.jpg","show_overlay":false,"overlay_opacity":30,"text_color":"#ffffff","title":"","content":"","content_position":"middle_center","button_background":"#ffffff","button_text_color":"#000000","button_text":"Button"}},"a4c73c9b-ad19-4d5b-a194-fddd0d1e987a":{"type":"image","settings":{"image":"shopify:\/\/shop_images\/1800x600_JPG.jpg","mobile_image":"shopify:\/\/shop_images\/750X1100.jpg","show_overlay":false,"overlay_opacity":30,"text_color":"#ffffff","title":"","content":"","content_position":"middle_right","button_background":"#fdc205","button_text_color":"#000000","button_text":"LO QUIERO","link":"https:\/\/radialllantas.com\/products\/poliza-de-servicio-extendido-eco-plus"}}},"block_order":["327c3a64-55e8-47c0-92c9-54db846b9f4b","cdd63a8d-4ee2-4b97-b3da-60b31245c262","d03b91e2-986b-4a09-9c46-3bd301cdd954","991feb82-3df3-4c05-855f-613248e132be","731d13f6-44ed-4f64-940c-bbec581deadd","a4c73c9b-ad19-4d5b-a194-fddd0d1e987a"],"settings":{"edge_to_edge":true,"section_size":"preserve_ratio","carousel_effect":"slide","autoplay":true,"cycle_speed":4}},"collection-list":{"type":"collection-list","blocks":{"collection-0":{"type":"collection","settings":{"collection":"auto","image":"shopify:\/\/shop_images\/Llantiquick-1v2.jpg"}},"collection-1":{"type":"collection","settings":{"collection":"camioneta","image":"shopify:\/\/shop_images\/Llantiquick-2v2.jpg"}},"collection-4":{"type":"collection","settings":{"collection":"all-terrain","image":"shopify:\/\/shop_images\/Llantiquick-5v2.jpg"}},"1591850104722":{"type":"collection","settings":{"collection":"sport"}},"collection-5":{"type":"collection","settings":{"collection":"urban","image":"shopify:\/\/shop_images\/Llantiquick-3v2.jpg"}},"collection-3":{"type":"collection","settings":{"collection":"touring","image":"shopify:\/\/shop_images\/Llantiquick-4v2.jpg"}},"1592352708396":{"type":"collection","settings":{"collection":"performance"}},"1591850112419":{"type":"collection","settings":{"collection":"cargo"}}},"block_order":["collection-0","collection-1","collection-4","1591850104722","collection-5","collection-3","1592352708396","1591850112419"],"settings":{"title":"TIPOS DE LLANTAS","link_title":"","link":"shopify:\/\/collections","round_images":true,"show_collection_title":true}},"featured-product":{"type":"featured-product","settings":{"product":"poliza-de-servicio-extendido-eco-plus","title":"¡LO MÁS CALIENTE!","link_title":"","show_vendor":true,"show_sku":true,"show_share_buttons":false,"show_description":true,"description_below_add_to_cart":true,"selector_mode":"block","color_mode":"color","show_quantity_selector":false,"show_reviews_badge":true,"show_payment_button":true,"image_size":"small","enable_image_zoom":false,"enable_video_looping":false,"zoom_effect":"inside","carousel_effect":"slide","show_inventory_quantity":true,"low_inventory_threshold":4}},"collection-template":{"type":"collection-template","settings":{"show_collection_image":true,"collapse_collection_description":true,"collection_image_size":"small","products_per_row":"4","default_products_per_page":24,"default_view_layout":"grid","show_quick_buy":"list","show_quick_view":"list","quick_links":"","quick_links_show_products_count":true,"show_filters":false,"show_filter_color_swatch":false,"filter_type":"group","open_group_filters_mode":"all_closed","filter_group_order":""}},"recently-viewed-products":{"type":"recently-viewed-products","settings":{"title":"Recently viewed","show_quick_buy":false}},"product-template":{"type":"product-template","settings":{"show_vendor":true,"show_sku":true,"show_share_buttons":false,"show_taxes_included":false,"selector_mode":"block","color_mode":"color","show_quantity_selector":true,"show_payment_button":true,"image_size":"medium","enable_image_zoom":false,"enable_video_looping":false,"zoom_effect":"outside","carousel_effect":"slide","show_inventory_quantity":true,"low_inventory_threshold":5,"content_display_mode":"show_all","tab_page_1_handle":"","tab_page_2_handle":"","tab_page_3_handle":"","enable_reviews":true,"show_reviews_badge":true,"trust_title":"Seguridad en tus pagos","show_payment_icons":true,"show_shipping_estimator":false,"shipping_estimator_default_country":"México","show_refunds_policy":false}},"product-recommendations":{"type":"product-recommendations","settings":{"show_product_recommendations":true,"heading":"Estos también te pueden interesar...","show_quick_buy":true}},"announcement-bar":{"type":"announcement-bar","settings":{"show_announcement":true,"background":"#030303","text_color":"#fdc205","text":"TE DAMOS MÁS X TU DINERO","text_position":"center","show_newsletter":true,"newsletter_button":"Suscríbete","newsletter_title":"Lista de correos","newsletter_content":"<p>Recibe promociones y entérate de eventos especiales<\/p>"}},"1542984811767":{"type":"featured-collection","disabled":true,"settings":{"collection":"top-products","title":"RECOMENDADAS POR RADIAL LLANTAS","products_count":5,"layout":"vertical","stack_desktop":false,"show_quick_buy":true,"link_title":"Ver todas","link_url":"shopify:\/\/collections\/top-products"}},"1542984842027":{"type":"newsletter","settings":{"title":"¡ÚNETE A RADIAL LLANTAS!","content":"<p>Suscríbete a nuestra lista de correos para enterarte de promociones y eventos especiales.<\/p>"}},"1542984882560":{"type":"blog-posts","settings":{"blog":"llantips","title":"NOTICIAS Y MÁS...","link_title":"Ver todo","show_category":true,"show_author":false,"show_date":true,"show_excerpt":false,"stack_mobile":false}},"popups":{"type":"popups","blocks":{"1599503205242":{"type":"newsletter","settings":{"show_only_on_index":true,"show_only_for_visitors":true,"show_only_once":true,"title":"¡Suscríbete!","content":"<p>Únete a nuestra familia Radial, y entérate de nuestras promociones especiales.<\/p>","show_newsletter":true,"apparition_delay":5}}},"block_order":["1599503205242"],"settings":{}},"text-with-icons":{"type":"text-with-icons","blocks":{"text-with-icons-0":{"type":"item","settings":{"icon":"bi-delivery","title":"Envío gratis","content":"<p>El envío va por nuestra cuenta.<\/p>"}},"text-with-icons-1":{"type":"item","settings":{"icon":"bi-time","title":"Entrega rápida","content":"<p>Recibe en máx. 5 días<\/p>"}},"text-with-icons-2":{"type":"item","settings":{"icon":"bi-customer-support","title":"Asesoría profesional","content":"<p>Para que encuentres tus llantas ideales.<\/p>"}},"text-with-icons-3":{"type":"item","settings":{"icon":"bi-secure-payment","title":"Pago seguro","content":"<p>Cómodo y fácil<\/p>"}}},"block_order":["text-with-icons-0","text-with-icons-1","text-with-icons-2","text-with-icons-3"],"settings":{"show_section":true,"stack_mobile":false}},"blog-template":{"type":"blog-template","settings":{"articles_per_page":12,"highlight_first_article":true,"show_tags":true,"show_category":true,"show_author":false,"show_date":true,"show_excerpt":false}},"static-newsletter":{"type":"static-newsletter","settings":{"show_section":false,"title":"¡Suscríbete!","content":"<p>Recibe tips, promociones y más en nuestra lista de correos.<\/p>","subtext":"Podrás cancelar tu suscripción en cualquier momento.","background":"#1e2d7d","text":"#ffffff"}},"1591348570788":{"type":"logo-list","blocks":{"1591348570788-1":{"type":"logo","settings":{"image":"shopify:\/\/shop_images\/PIRELLI_1cd4f5ea-2d6d-412d-ab7e-d34f1c01c118.png","link":"shopify:\/\/collections\/pirelli"}},"1591348570788-0":{"type":"logo","settings":{"image":"shopify:\/\/shop_images\/GOODYEAR.png","link":"shopify:\/\/collections\/goodyear"}},"1591348570788-5":{"type":"logo","settings":{"image":"shopify:\/\/shop_images\/bridgestone.png","link":"shopify:\/\/collections\/bridgestone"}},"1591348570788-2":{"type":"logo","settings":{"image":"shopify:\/\/shop_images\/Screen_Shot_2020-06-30_at_13.22.28.png","link":"shopify:\/\/collections\/coopertires"}},"1591348570788-4":{"type":"logo","settings":{"image":"shopify:\/\/shop_images\/DUNLOP.jpg","link":"shopify:\/\/collections\/dunlop"}},"1591348570788-3":{"type":"logo","settings":{"image":"shopify:\/\/shop_images\/firestone.jpg","link":"shopify:\/\/collections\/firestone"}},"1592351332541":{"type":"logo","settings":{"image":"shopify:\/\/shop_images\/YOKOHAMA.jpg","link":"shopify:\/\/collections\/yokohama"}},"1591349266483":{"type":"logo","settings":{"image":"shopify:\/\/shop_images\/aurora_209c54e6-8978-44ae-a3f1-7ebe4355eb3b.png","link":"shopify:\/\/collections\/aurora"}},"1592350914154":{"type":"logo","settings":{"image":"shopify:\/\/shop_images\/CONTINENTAL_e1c7afc6-6780-4142-9c79-d6a723fc4d3a.png","link":"shopify:\/\/collections\/continental"}},"1592350983034":{"type":"logo","settings":{"image":"shopify:\/\/shop_images\/HANKOOK.png","link":"shopify:\/\/collections\/hankook"}},"1592351113602":{"type":"logo","settings":{"image":"shopify:\/\/shop_images\/TORNEL.png","link":"shopify:\/\/collections\/tornel"}},"1592351061312":{"type":"logo","settings":{"image":"shopify:\/\/shop_images\/NEXEN.jpg","link":"shopify:\/\/collections\/nexen"}},"1592351106612":{"type":"logo","settings":{"image":"shopify:\/\/shop_images\/UNIROYAL_1893c461-2bbd-4069-a250-22b4bef35eb0.png","link":"shopify:\/\/collections\/uniroyal"}},"1592351016239":{"type":"logo","settings":{"image":"shopify:\/\/shop_images\/KELLY_7b4e0a17-b0a8-489f-bafa-4417c09eeeed.png","link":"shopify:\/\/collections\/kelly"}},"1592351083312":{"type":"logo","settings":{"image":"shopify:\/\/shop_images\/Screen_Shot_2020-06-16_at_16.55.40.png","link":"shopify:\/\/collections\/venezia"}},"1592350944035":{"type":"logo","settings":{"image":"shopify:\/\/shop_images\/FUZION_7c5effdc-2cad-4ea6-a3dd-2a5df2c01391.png","link":"shopify:\/\/collections\/fuzion"}}},"block_order":["1591348570788-1","1591348570788-0","1591348570788-5","1591348570788-2","1591348570788-4","1591348570788-3","1592351332541","1591349266483","1592350914154","1592350983034","1592351113602","1592351061312","1592351106612","1592351016239","1592351083312","1592350944035"],"settings":{"title":"¡CONOCE NUESTRAS MARCAS!","link_title":"","link":"shopify:\/\/collections\/all"}},"1591348588914":{"type":"recently-viewed-products","settings":{"title":"LO VISTE ANTES","show_quick_buy":true}},"static-promotion-list":{"type":"static-promotion-list","settings":{"expand_items":false,"section_size":"medium","stack_mobile":false}},"static-recently-viewed-products":{"type":"static-recently-viewed-products","settings":{"show_section":true,"title":"Estos los viste antes...","show_quick_buy":false}},"list-collections-template":{"type":"list-collections-template","settings":{"collections_to_show":"all","show_collection_title":true,"show_collection_overlay":true,"collection_overlay_opacity":20}},"article-template":{"type":"article-template","settings":{"show_category":false,"show_author":false,"show_date":true,"show_share_buttons":false,"show_tags":true,"show_gravatar":false}},"blog-sidebar":{"type":"blog-sidebar","blocks":{"blog-sidebar-0":{"type":"newsletter","settings":{"title":"¡Suscríbete!","content":"<p>Recibe tips, promociones y m&aacute;s en nuestra lista de correos.<\/p>","subtext":"Podrás cancelar tu suscripción en cualquier momento.","background":"#1e2d7d","text":"#ffffff"}},"blog-sidebar-1":{"type":"social_media","settings":{"title":"Síguenos","show_rss":true}}},"block_order":["blog-sidebar-0","blog-sidebar-1"],"settings":{"show_on_mobile":true}},"search-template":{"type":"search-template","settings":{"products_per_row":"4","default_view_layout":"grid","show_quick_view":"list","show_quick_buy":"list","quick_links":""}},"cart-template":{"type":"cart-template","settings":{"enable_order_notes":true,"show_payment_icons":true,"gift_wrap_product":"","gift_wrap_text":"","gift_wrap_button":"","show_shipping_estimator":false,"shipping_estimator_default_country":"México","trust_heading":"","upsell_heading":"Completa tu carrito","upsell_collection":"","upsell_products_count":4}},"minimal-header":{"type":"minimal-header","settings":{"logo":"","logo_max_width":140,"mobile_logo_max_width":100}},"password-template":{"type":"password-template","settings":{"show_social_media":true,"heading":"Opening Soon","text":"<p>A content describing what your store will sell.<\/p>","show_newsletter_signup":true,"newsletter_text":"<p>A short sentence describing what someone will receive by subscribing.<\/p>"}},"page-faq-template":{"type":"page-faq-template","blocks":{"page-faq-template-0":{"type":"separator","settings":{"title":"Preguntas Frecuentes"}},"page-faq-template-1":{"type":"question","settings":{"title":"¿Tienen existencia?","answer":"<p>Por supuesto que la tenemos, nuestros inventarios están actualizados al día para siempre mostrar lo que en realidad tenemos. <\/p>"}},"page-faq-template-2":{"type":"question","settings":{"title":"¿Cómo puedo saber si hay patio de servicio en mi ciudad?","answer":"<p>Contamos con varios puntos de servicio alrededor del país, sin embargo, aún no tenemos cobertura en todos los estados. Para verificar que efectivamente, tengamos en tu ciudad, escríbenos un mensaje por WhatsApp o también, entra en nuestra sección de Sucursales para encontrar las más cercanas a ti. <\/p>"}},"551d3b2c-87a7-4552-aead-5ba1a6a56b6c":{"type":"question","settings":{"title":"¿Los precios de internet aplican en las sucursales Radial?","answer":"<p>Nuestra página de internet es nueva, por esto mismo, lo precios que damos en nuestro sitio son exclusivamente para compras dentro del mismo. Queremos que nos des tu confianza y nos ayudes a impulsar este canal, ¿qué mejor que un precio más accesible?<\/p>"}},"8ad4a263-8395-4953-be15-40ae1b510ef9":{"type":"question","settings":{"title":"¿Cuánto tardan en llegar las llantas?","answer":"<p>En Radial Llantas tratamos de ser lo más ágiles posible, siempre y cuando no descuidemos nuestra calidad en el servicio. <br\/>Si tus llantas se van a enviar a tu domicilio, nuestro tiempo aproximado de entrega es de 3 a 5 días hábiles. <\/p><p>Ahora, si vas a recoger tus llantas en una de nuestras sucursales Radial, te informaremos el tiempo esperado de entrega en cuanto realices tu compra. <\/p>"}},"page-faq-template-3":{"type":"question","settings":{"title":"¿Las llantas son nuevas?","answer":"<p>Así es, nuestras llantas son 100% nuevas. Todo nuestro inventario es traído directamente de fábrica a nuestros almacenes. ¡Esperamos tu compra!<\/p>"}},"page-faq-template-4":{"type":"separator","settings":{"title":"Producto"}},"page-faq-template-5":{"type":"question","settings":{"title":"¿Cuál es la fecha de fabricación?","answer":"<p>No podemos dar la fecha de fabricación exacta de las llantas que le llagarán dado el inventario tan circulante que tenemos.Sin embargo, le aseguramos que no manejamos DOTS mayores a 2 años.<\/p>"}},"1c9f4a80-14d6-48e6-bdb6-40eff61f2113":{"type":"question","settings":{"title":"¿Las llantas tienen garantía?","answer":"<p>En Radial Llantas creemos en lo que hacemos y lo que vendemos. Es por eso que somos el único distribuidor que te ofrece garantía de 5 AÑOS A PARTIR DE LA FECHA DE COMPRA. <\/p>"}},"6b606479-6a37-4d0f-a83d-c69aecc595e3":{"type":"separator","settings":{"title":"Beneficios Radial Llantas"}},"702fb8eb-5a6a-42ff-a0d4-4a37673e4b26":{"type":"question","settings":{"title":"¿Qué es la Póliza de Seguro Total Radial?","answer":"<p>Nuestra Póliza de Seguro Total, es un seguro que nosotros como empresa otorgamos a nuestros clientes en la compra de sus llantas. Esta póliza te da cobertura contra daños fortuitos a tus llantas. Tus llantas tendrán parches gratis por toda la vida útil de la llanta, y lo mejor, en caso de llegarse a ponchar o tronar, te daremos una nueva llanta únicamente pagando un deducible del 15% + el desgaste proporcional de la llanta. <br\/>¡Cuida tu inversión con nuestra póliza y despreocúpate!<\/p>"}},"76282203-47ee-4d87-8503-4524a6823e1d":{"type":"question","settings":{"title":"¿Qué es la Póliza Eco Plus?","answer":"<p>Nuestra Póliza Eco Plus, es una póliza de servicio extendido para el mantenimiento adecuado de tus llantas. ¡Ya compraste tus llantas, ahora es tiempo de cuidarlas!<br\/>Con nuestra póliza Eco Plus, Radial Llantas te regala los servicios de mantenimiento (rotación, balanceo, inflado con nitrógeno) por dos años. Esto, solo por comprar tus llantas con nosotros... los expertos. <\/p>"}},"cf3641ae-4086-4fd3-b8cb-f9c61afc58be":{"type":"question","settings":{"title":"¿Por qué traer el sticker Radial?","answer":"<p>¡Únete a nuestra familia Radial y aprovecha los beneficios!<\/p><p>Con nuestra sticker Radial, tú formarás parte de nuestro grupo exclusivo de clientes distinguidos. Tendrás descuentos especiales en servicios Radial al igual que beneficios exclusivos en nuestros patios de servicio. ¡No te vayas a quedar fuera!<\/p>"}}},"block_order":["page-faq-template-0","page-faq-template-1","page-faq-template-2","551d3b2c-87a7-4552-aead-5ba1a6a56b6c","8ad4a263-8395-4953-be15-40ae1b510ef9","page-faq-template-3","page-faq-template-4","page-faq-template-5","1c9f4a80-14d6-48e6-bdb6-40eff61f2113","6b606479-6a37-4d0f-a83d-c69aecc595e3","702fb8eb-5a6a-42ff-a0d4-4a37673e4b26","76282203-47ee-4d87-8503-4524a6823e1d","cf3641ae-4086-4fd3-b8cb-f9c61afc58be"],"settings":{"show_contact_info":false,"contact_info_heading":"Any question?","contact_info_text":"<p>If we still haven&#x27;t answered your question, you can contact us below and we will get back to you as soon as possible.<\/p>","contact_1_icon":"bi-phone","contact_1_heading":"Customer support","contact_1_text":"<p>Enter your text here<\/p>","contact_2_icon":"bi-email","contact_2_heading":"Send a message","contact_2_text":"<p>Enter your text here<\/p>"}}},"content_for_index":["slideshow","1542984811767","featured-product","1591348588914","collection-list","1591348570788","1542984842027","1542984882560"]},"presets":{"Metal":{"heading_color":"#1e2d7d","text_color":"#677279","accent_color":"#00badb","link_color":"#00badb","border_color":"#e1e3e4","background":"#f3f5f6","secondary_background":"#ffffff","error_color":"#ff0000","success_color":"#00aa00","primary_button_background":"#00badb","primary_button_text_color":"#ffffff","secondary_button_background":"#1e2d7d","secondary_button_text_color":"#ffffff","header_background":"#1e2d7d","header_text_color":"#ffffff","header_light_text_color":"#a3afef","header_accent_color":"#00badb","product_on_sale_accent":"#ee0000","product_in_stock_color":"#008a00","product_low_stock_color":"#ee0000","product_sold_out_color":"#8a9297","product_label_1_background":"#008a00","product_label_2_background":"#00a500","product_star_color":"#ffbd00","base_text_font_size":16,"heading_font":"din_next_n5","text_font":"din_next_n4","underline_links":true,"animation_image_zoom":true,"search_mode":"product,article","show_vendor":true,"show_secondary_image":true,"product_price_position":"after_title","product_image_size":"natural","show_discount":true,"discount_mode":"saving","show_color_swatch":false,"show_inventory_quantity":false,"low_inventory_threshold":0,"show_reviews_badge":false,"cart_type":"drawer","cart_empty_button_link":"shopify:\/\/collections\/all","cart_show_free_shipping_threshold":false,"cart_free_shipping_threshold":"50","share_image":"","social_facebook":"","social_twitter":"","social_google_plus":"","social_pinterest":"","social_instagram":"","social_vimeo":"","social_tumblr":"","social_youtube":"","social_linkedin":"","social_snapchat":"","social_fancy":"","favicon":"","checkout_header_image":"","checkout_logo_image":"","checkout_logo_position":"left","checkout_logo_size":"medium","checkout_body_background_image":"","checkout_body_background_color":"#fff","checkout_input_background_color_mode":"white","checkout_sidebar_background_image":"","checkout_sidebar_background_color":"#fafafa","checkout_heading_font":"-apple-system, BlinkMacSystemFont, 'Segoe UI', Roboto, Helvetica, Arial, sans-serif, 'Apple Color Emoji', 'Segoe UI Emoji', 'Segoe UI Symbol'","checkout_body_font":"-apple-system, BlinkMacSystemFont, 'Segoe UI', Roboto, Helvetica, Arial, sans-serif, 'Apple Color Emoji', 'Segoe UI Emoji', 'Segoe UI Symbol'","checkout_accent_color":"#00badb","checkout_button_color":"#00badb","checkout_error_color":"#ff0000","sections":{"header":{"type":"header","settings":{"logo":"","logo_max_width":140,"mobile_logo_max_width":100,"navigation_menu":"main-menu","desktop_navigation_layout":"inline","desktop_navigation_open_trigger":"hover","navigation_phone_number":"Call us 000-000-0000","navigation_email":"info@yourwebsite.com","search_menu":""}},"footer":{"type":"footer","blocks":{"footer-0":{"type":"text","settings":{"title":"About the shop","content":"<p>Use this text area to tell your customers about your brand and vision. You can change it in the theme settings.<\/p>"}},"footer-1":{"type":"links","settings":{"menu":"footer"}},"footer-2":{"type":"newsletter","settings":{"title":"Newsletter","subheading":"<p>A short sentence describing what someone will receive by subscribing<\/p>"}}},"block_order":["footer-0","footer-1","footer-2"],"settings":{"show_social_media":true,"show_payment_icons":true}},"slideshow":{"type":"slideshow","blocks":{"slide-0":{"type":"image","settings":{"image":"","mobile_image":"","text_color":"#ffffff","title":"Tell your story","content":"Tell your story","content_position":"bottomLeft","button_background":"#ffffff","button_text_color":"#000000","button_text":"Button","link":""}},"slide-1":{"type":"image","settings":{"image":"","mobile_image":"","text_color":"#ffffff","title":"Tell your story","content":"Tell your story","content_position":"bottomLeft","button_background":"#ffffff","button_text_color":"#000000","button_text":"Button","link":""}}},"block_order":["slide-0","slide-1"],"settings":{"edge_to_edge":true,"section_size":"preserve_ratio","cycle_speed":5}},"collection-list":{"type":"collection-list","blocks":{"collection-0":{"type":"collection","settings":{"collection":"","image":""}},"collection-1":{"type":"collection","settings":{"collection":"","image":""}},"collection-2":{"type":"collection","settings":{"collection":"","image":""}},"collection-3":{"type":"collection","settings":{"collection":"","image":""}},"collection-4":{"type":"collection","settings":{"collection":"","image":""}},"collection-5":{"type":"collection","settings":{"collection":"","image":""}}},"block_order":["collection-0","collection-1","collection-2","collection-3","collection-4","collection-5"],"settings":{"title":"Our collections","link_title":"View all","link":"shopify:\/\/collections"}},"featured-product":{"type":"featured-product","settings":{"product":"","title":"Featured product","selector_mode":"block","color_mode":"color","low_inventory_threshold":0,"zoom_effect":"outside","carousel_effect":"fade"}},"collection-template":{"type":"collection-template","settings":{"collection_image_size":"small","default_view_layout":"grid","show_quick_view":"list","show_quick_buy":"list","quick_links":"","filter_type":"tag"}},"recently-viewed-products":{"type":"recently-viewed-products","settings":{"title":"Recently viewed"}},"product-template":{"type":"product-template","settings":{"selector_mode":"block","color_mode":"color","low_inventory_threshold":0,"zoom_effect":"outside","carousel_effect":"fade","tab_page_1_handle":"","tab_page_2_handle":"","tab_page_3_handle":"","custom_security_badge":""}},"product-recommendations":{"type":"product-recommendations","settings":{}},"announcement-bar":{"type":"announcement-bar","settings":{"background":"#1e2d7d","text_color":"#ffffff","text":"Announce something here","link":"","newsletter_button":"Subscribe & Save","newsletter_title":"Newsletter","newsletter_content":"<p>A short sentence describing what someone will receive by subscribing<\/p>"}},"1542984811767":{"type":"featured-collection","settings":{"collection":"","title":"Featured collection","products_count":12,"layout":"vertical","link_title":"View all"}},"1542984842027":{"type":"newsletter","settings":{"title":"Newsletter","content":"<p>A short sentence describing what someone will receive by subscribing<\/p>"}},"1542984882560":{"type":"blog-posts","settings":{"blog":"news","title":"Blog posts"}}},"content_for_index":["slideshow","1542984811767","collection-list","1542984842027","featured-product","1542984882560"]},"Wood":{"heading_color":"#3a2a2f","text_color":"#3a2a2f","accent_color":"#ff6128","link_color":"#ff6128","border_color":"#e7e2de","background":"#f7f4f2","secondary_background":"#ffffff","error_color":"#f71b1b","success_color":"#48b448","primary_button_background":"#ff6128","primary_button_text_color":"#ffffff","secondary_button_background":"#3a2a2f","secondary_button_text_color":"#ffffff","header_background":"#3a2a2f","header_text_color":"#ffffff","header_light_text_color":"#e9e2dd","header_accent_color":"#ff6128","product_on_sale_accent":"#ee0000","product_in_stock_color":"#008a00","product_low_stock_color":"#ee0000","product_sold_out_color":"#d1d1d4","product_label_1_background":"#ff6128","product_label_2_background":"#a95ebe","product_star_color":"#ffb647","base_text_font_size":15,"heading_font":"itc_avant_garde_gothic_n5","text_font":"basic_commercial_n4","underline_links":true,"animation_image_zoom":true,"search_mode":"product,article,page","show_vendor":true,"show_secondary_image":true,"show_discount":true,"discount_mode":"percentage","product_price_position":"after_title","product_image_size":"square","show_color_swatch":false,"show_inventory_quantity":true,"low_inventory_threshold":1,"show_reviews_badge":false,"cart_type":"drawer","cart_empty_button_link":"shopify:\/\/collections\/all","cart_show_free_shipping_threshold":true,"cart_free_shipping_threshold":"50","checkout_logo_position":"center","checkout_logo_size":"medium","checkout_body_background_image":"","checkout_body_background_color":"#fff","checkout_input_background_color_mode":"white","checkout_sidebar_background_image":"","checkout_sidebar_background_color":"#f7f4f2","checkout_heading_font":"-apple-system, BlinkMacSystemFont, 'Segoe UI', Roboto, Helvetica, Arial, sans-serif, 'Apple Color Emoji', 'Segoe UI Emoji', 'Segoe UI Symbol'","checkout_body_font":"-apple-system, BlinkMacSystemFont, 'Segoe UI', Roboto, Helvetica, Arial, sans-serif, 'Apple Color Emoji', 'Segoe UI Emoji', 'Segoe UI Symbol'","checkout_accent_color":"#ff6128","checkout_button_color":"#ff6128","checkout_error_color":"#f71b1b","sections":{"header":{"type":"header","settings":{"logo":"","logo_max_width":140,"mobile_logo_max_width":100,"navigation_menu":"main-menu","desktop_navigation_layout":"inline","desktop_navigation_open_trigger":"hover","navigation_phone_number":"Call us 000-000-0000","navigation_email":"info@yourwebsite.com","search_menu":""}},"footer":{"type":"footer","blocks":{"footer-0":{"type":"text","settings":{"title":"About the shop","content":"<p>Use this text area to tell your customers about your brand and vision. You can change it in the theme settings.<\/p>"}},"footer-1":{"type":"links","settings":{"menu":"footer"}},"footer-2":{"type":"newsletter","settings":{"title":"Newsletter","subheading":"<p>A short sentence describing what someone will receive by subscribing<\/p>"}}},"block_order":["footer-0","footer-1","footer-2"],"settings":{"show_social_media":true,"show_payment_icons":true}},"slideshow":{"type":"slideshow","blocks":{"slide-0":{"type":"image","settings":{"image":"","mobile_image":"","text_color":"#ffffff","title":"Tell your story","content":"Tell your story","content_position":"bottomLeft","button_background":"#ffffff","button_text_color":"#000000","button_text":"Button","link":""}},"slide-1":{"type":"image","settings":{"image":"","mobile_image":"","text_color":"#ffffff","title":"Tell your story","content":"Tell your story","content_position":"bottomLeft","button_background":"#ffffff","button_text_color":"#000000","button_text":"Button","link":""}}},"block_order":["slide-0","slide-1"],"settings":{"edge_to_edge":true,"section_size":"preserve_ratio","cycle_speed":5}},"collection-list":{"type":"collection-list","blocks":{"collection-0":{"type":"collection","settings":{"collection":"","image":""}},"collection-1":{"type":"collection","settings":{"collection":"","image":""}},"collection-2":{"type":"collection","settings":{"collection":"","image":""}},"collection-3":{"type":"collection","settings":{"collection":"","image":""}},"collection-4":{"type":"collection","settings":{"collection":"","image":""}},"collection-5":{"type":"collection","settings":{"collection":"","image":""}}},"block_order":["collection-0","collection-1","collection-2","collection-3","collection-4","collection-5"],"settings":{"title":"Our collections","link_title":"View all","link":"shopify:\/\/collections"}},"collection-template":{"type":"collection-template","settings":{"collection_image_size":"small","default_view_layout":"grid","show_quick_view":"list","show_quick_buy":"list","quick_links":"","filter_type":"tag"}},"recently-viewed-products":{"type":"recently-viewed-products","settings":{"title":"Recently viewed"}},"product-template":{"type":"product-template","settings":{"selector_mode":"block","color_mode":"color","low_inventory_threshold":0,"zoom_effect":"outside","carousel_effect":"fade","tab_page_1_handle":"","tab_page_2_handle":"","tab_page_3_handle":"","custom_security_badge":""}},"product-recommendations":{"type":"product-recommendations","settings":{}},"announcement-bar":{"type":"announcement-bar","settings":{"background":"#3a2a2f","text_color":"#ffffff","text":"Announce something here","link":"","newsletter_button":"Subscribe & Save","newsletter_title":"Newsletter","newsletter_content":"<p>A short sentence describing what someone will receive by subscribing<\/p>"}},"1542984811767":{"type":"featured-collection","settings":{"collection":"","title":"Featured collection","products_count":12,"layout":"vertical","link_title":"View all"}},"1550833441117":{"type":"collection-with-image","settings":{"collection":"","products_count":12,"image":"","background":"#3a2a2f","text_color":"#ffffff","title":"Our best sellers","content":"Shop our most popular products for this season.","button_background":"#e95d2b","button_text_color":"#ffffff","button_text":"Learn more","button_link":""}},"1555314133560":{"type":"promotion-list","blocks":{"1555314133560-0":{"type":"item","settings":{"image":"","show_overlay":false,"stretch_image":false,"background":"#6f42ef","text_color":"#ffffff","title":"Your heading","content":"Tell more about your product, collection...","button_background":"#ffffff","button_text_color":"#6f42ef","button_text":"Learn more","button_link":""}},"1555314133560-1":{"type":"item","settings":{"image":"","show_overlay":false,"stretch_image":false,"background":"#fc2a68","text_color":"#ffffff","title":"Your heading","content":"Tell more about your product, collection...","button_background":"#ffffff","button_text_color":"#fc2a68","button_text":"Learn more","button_link":""}},"1555314133560-2":{"type":"item","settings":{"image":"","show_overlay":false,"stretch_image":false,"background":"#26c1ce","text_color":"#ffffff","title":"Your heading","content":"Tell more about your product, collection...","button_background":"#ffffff","button_text_color":"#26c1ce","button_text":"Learn more","button_link":""}}},"block_order":["1555314133560-0","1555314133560-1","1555314133560-2"],"settings":{"expand_items":false,"section_size":"medium","stack_mobile":false}},"1542984882560":{"type":"blog-posts","settings":{"blog":"news","title":"Blog posts"}}},"content_for_index":["slideshow","1542984811767","1555314133560","collection-list","1550833441117","1542984882560"]}}}